Nome do Usu√°rio,Perfil do Twitter,Tweet Original,URL Imagem Anexada,Timestamp Data de Postagem,Link do Tweet Original,Link da Resposta,Link do Perfil do Twitter,Conte√∫do da Resposta,Timestamp Data de Postagem da Resposta
Fluminense F.C.,@FluminenseFC,"VEEEEEEENNNNCEEEE O FLUMINEEEENSEEE! 

ARIAS E LIMA MARCAM, O FLU FAZ 2 A 0 NO SAMPAIO CORR√äA E SAI NA FRENTE NA TERCEIRA FASE DA COPA DO BRASIL! VAAAMMMOS, TRICOLOR!",https://pbs.twimg.com/media/GMhaHcRXEAA0c6X?format=jpg&name=900x900,2024-05-01T21:00:32.000Z,https://twitter.com/FluminenseFC/status/1785776343029875113,,,,
Fluminense F.C.,@FluminenseFC,,https://pbs.twimg.com/media/GMhaHcRXEAA0c6X?format=jpg&name=900x900,,,,https://twitter.com/FluminenseFC,"VEEEEEEENNNNCEEEE O FLUMINEEEENSEEE! 

ARIAS E LIMA MARCAM, O FLU FAZ 2 A 0 NO SAMPAIO CORR√äA E SAI NA FRENTE NA TERCEIRA FASE DA COPA DO BRASIL! VAAAMMMOS, TRICOLOR!",
el anjo,@matandosuacurio,,,,,https://twitter.com/matandosuacurio/status/1786119386031431718,https://twitter.com/matandosuacurio,Um milagre  aconteceu  um jogo sem tomar gol,2024-05-02T19:43:40.000Z
RSP tips,@RSPtips,,,,,https://twitter.com/RSPtips/status/1785778543579791397,https://twitter.com/RSPtips,fora diniz,2024-05-01T21:09:17.000Z
pedro karl,@karl_ffc,,,,,https://twitter.com/karl_ffc/status/1785776841464176745,https://twitter.com/karl_ffc,"Que exibi√ß√£o maravilhosa, vit√≥ria pra convencer e show de futebol contra o time fort√≠ssimo do Sampaio Corr√™a.

Cad√™ os cr√≠ticos agora????? Contrato vital√≠cio pro Diniz, melhor t√©cnico do Brasil 

(√â ironia, pelo amor de Deus)",2024-05-01T21:02:31.000Z
Aedo Dias,@AedoDias,,,,,https://twitter.com/AedoDias/status/1785777178451313117,https://twitter.com/AedoDias,"Apesar do resultado, mais um jogo ruim do time, ponto positivo √© o Felipe Andrade que  √≥timo zagueiro, s√≥ n√£o √© titular pq n√£o √© da panelinha do diniz.",2024-05-01T21:03:52.000Z
lucas,@elicepsv,,,,,https://twitter.com/elicepsv/status/1785777254082949456,https://twitter.com/elicepsv,t√¥ convencido que contra o galo vai ser no m√°ximo 3√ó0 pra eles,2024-05-01T21:04:10.000Z
Richard Moedas,@21RichardFFC,,,,,https://twitter.com/21RichardFFC/status/1785776584965644636,https://twitter.com/21RichardFFC,Parab√©ns por fazer a sua obriga√ß√£o nesse jogo de merda!,2024-05-01T21:01:30.000Z
Anna·∂†·∂†·∂ú  - #FORADINIZ,@tuitaabea,,https://pbs.twimg.com/media/GMhaQ67WgAExfS6?format=jpg&name=small,,,https://twitter.com/tuitaabea/status/1785776501591261327,https://twitter.com/tuitaabea,FOI O TERANS PORRA,2024-05-01T21:01:10.000Z
Felippe Silva,@lippetchow,,,,,https://twitter.com/lippetchow/status/1785776758546952305,https://twitter.com/lippetchow,"Estagi√°rio, avisa o Diniz que o Felipe Andrade tem que ser TITULAR pra ontem. E parar de inventar moda.",2024-05-01T21:02:12.000Z
Marco Nogueira,@Nog__Marco,,,,,https://twitter.com/Nog__Marco/status/1785776940319641840,https://twitter.com/Nog__Marco,"Mais um p√©ssimo jogo, sorte que o time do outro lado √© muito fraco

Fora Diniz",2024-05-01T21:02:55.000Z
Thiago·∂†·∂†·∂ú,@thg_quintella,,,,,https://twitter.com/thg_quintella/status/1785776728574403025,https://twitter.com/thg_quintella,"Gra√ßas as improvisa√ß√µes do diniz pode-se tirar pouca coisa desse jogo, uma das √∫nicas √© o felipe andrade, nosso melhor zagueiro.",2024-05-01T21:02:04.000Z
L√©o,@Leo_FFC1902,,,,,https://twitter.com/Leo_FFC1902/status/1785777326212403213,https://twitter.com/Leo_FFC1902,"ARIAS JOGA PELA DIREITA !!!
ARIAS JOGA PELA DIREITA !!!
ARIAS JOGA PELA DIREITA !!!
ARIAS JOGA PELA DIREITA !!!
ARIAS JOGA PELA DIREITA !!!
ARIAS JOGA PELA DIREITA !!!
ARIAS JOGA PELA DIREITA !!!
ARIAS JOGA PELA DIREITA !!!
ARIAS JOGA PELA DIREITA !!!
ARIAS JOGA PELA DIREITA !!!",2024-05-01T21:04:27.000Z
Gb,@Gbmaiaffc,,,,,https://twitter.com/Gbmaiaffc/status/1785776746358345884,https://twitter.com/Gbmaiaffc,"Fez o m√≠nimo
jogou porra nenhuma",2024-05-01T21:02:09.000Z
Lu CAMPE√É DA LIBERTADORES,@lumarujo,,,,,https://twitter.com/lumarujo/status/1785788646676685146,https://twitter.com/lumarujo,"Parab√©ns, n√£o fez mais do que a obriga√ß√£o  Felipe Andrade titular na zaga j√°!",2024-05-01T21:49:26.000Z
Sr Armando (do saco de farinha),@mussajk37,,,,,https://twitter.com/mussajk37/status/1785777210302861503,https://twitter.com/mussajk37,"Renato Augusto, terans e DC ainda n√£o estrearam ....
 14 milh√µes no terans foi uma sacanagem sem precedentes..",2024-05-01T21:03:59.000Z
felipe freitas campani,@feippppp,,,,,https://twitter.com/feippppp/status/1785777781852311588,https://twitter.com/feippppp,√© inacredit√°vel o fato do felipe andrade ser reserva pra felipe melo e manoel kkkkk o cara √© o melhor zagueiro do time!!!,2024-05-01T21:06:15.000Z
Pedro·∂†·∂†·∂ú,@pedka_,,,,,https://twitter.com/pedka_/status/1785776801039384654,https://twitter.com/pedka_,"obriga√ß√£o, mas boa vit√≥ria

felipe andrade tem q ser titular, terans jogou bem hoje

renato completamente inexistente, assim como o kau√£ elias, muito mal os 2",2024-05-01T21:02:22.000Z
Peag√° (4/45),@Phd14s,,,,,https://twitter.com/Phd14s/status/1785776522332168668,https://twitter.com/Phd14s,"Finalmente uma vit√≥ria hein, vamos ver se agora ganham de um time da s√©rie A",2024-05-01T21:01:15.000Z
Tricolor de Alma,@Edfluzao1,,,,,https://twitter.com/Edfluzao1/status/1785776955003941117,https://twitter.com/Edfluzao1,"Mais um jogo ruim de Diniz
Antonio Carlos tem q jogar no olaria
Kauan elias pode voltar p sub 20",2024-05-01T21:02:58.000Z
Tricolor de Alma,@Edfluzao1,,,,,https://twitter.com/Edfluzao1/status/1785776955003941117,https://twitter.com/Edfluzao1,"Mais um jogo ruim de Diniz
Antonio Carlos tem q jogar no olaria
Kauan elias pode voltar p sub 20",2024-05-01T21:02:58.000Z
Carioca,@_CariocaFlu,,,,,https://twitter.com/_CariocaFlu/status/1785777012415627404,https://twitter.com/_CariocaFlu,Fez o m√≠nimo aceit√°vel pra ter como poupar na volta tamb√©m... pelo menos isso da pra arrumar.,2024-05-01T21:03:12.000Z
Niko,@Nicolas997,,,,,https://twitter.com/Nicolas997/status/1785776750196146280,https://twitter.com/Nicolas997,"Primeira vez esse ano que fico puto com a vitoria do flu esse ano, ganhamos, mas perdemos MTS chances claras. demora pra fazer as mexidas . confesso que n me convenceu nem um pouco contra o galo.",2024-05-01T21:02:10.000Z
Gb·∂†·∂†·∂ú,@ffcgabrieeel,,,,,https://twitter.com/ffcgabrieeel/status/1785776710723518838,https://twitter.com/ffcgabrieeel,"n√£o fez mais que a obriga√ß√£o, seguimos.",2024-05-01T21:02:00.000Z
Gustavo Marchiori,@gmarchiori,,,,,https://twitter.com/gmarchiori/status/1785787814254195197,https://twitter.com/gmarchiori,At√© o √Årias t√° ficando perdido j√° nesse time. N√£o tem uma jogada treinada. S√≥ treinam tocar a bola e quando est√£o com ela n√£o sabem o que fazer.,2024-05-01T21:46:07.000Z
Pedrinho,@HenrySullivan,,,,,https://twitter.com/HenrySullivan/status/1785776505219399951,https://twitter.com/HenrySullivan,"Todos de acordo que o Felipe Andrade n√£o deve sair do time titular NUNCA MAIS, certo?",2024-05-01T21:01:11.000Z
felipe·∂†·∂†·∂ú,@pinheirofelipeq,,,,,https://twitter.com/pinheirofelipeq/status/1785776560143732923,https://twitter.com/pinheirofelipeq,n√£o fez mais do que a sua obriga√ß√£o.,2024-05-01T21:01:24.000Z
Sandro Monteiro,@SandroMont,,,,,https://twitter.com/SandroMont/status/1785779765019918535,https://twitter.com/SandroMont,Li√ß√£o de casa feita. O verdadeiro teste √© s√°bado. Eu ainda acredito.,2024-05-01T21:14:08.000Z
BisNext,@FASBisneto,,,,,https://twitter.com/FASBisneto/status/1785776775227654600,https://twitter.com/FASBisneto,"Boa, vamos dar a volta por cima!",2024-05-01T21:02:15.000Z
Mario Bittencourt,@MarioBitcoin_,,,,,https://twitter.com/MarioBitcoin_/status/1785776979381227710,https://twitter.com/MarioBitcoin_,"torcida e time, precisamos mudar essa fase! s√°bado √© cariacica lotado e VITORIA nessa porra, voltar as vit√≥rias.",2024-05-01T21:03:04.000Z
vivis,@vivisffc,,,,,https://twitter.com/vivisffc/status/1785776788100067429,https://twitter.com/vivisffc,parab√©ns por fazer a sua obriga√ß√£o mas n√£o convenceu ningu√©m,2024-05-01T21:02:19.000Z
Rafael Fragata,@RafaelFragata4,,,,,https://twitter.com/RafaelFragata4/status/1785778558436044817,https://twitter.com/RafaelFragata4,Mais um jogo rid√≠culo... Gra√ßas a Deus era o Glorioso Sampaio Corr√™a na copa do Brasil.,2024-05-01T21:09:21.000Z
CAMPE√ÉO DA AM√âRICA,@DanielBernar,,,,,https://twitter.com/DanielBernar/status/1785777384752382018,https://twitter.com/DanielBernar,"Muito bem, melhorou de p√©ssimo pro ruim.",2024-05-01T21:04:41.000Z
B Medeiros,@BenildoMedeiros,,,,,https://twitter.com/BenildoMedeiros/status/1786071124763119921,https://twitter.com/BenildoMedeiros,"Que bom que venceu e que tivemos lguns chutes a gol, mas como chutam mal em? Ser√° quem algu√©m ai treina finaliza√ß√£o?",2024-05-02T16:31:54.000Z
Lu√≠s Felipe Quitete,@lfquitete,,,,,https://twitter.com/lfquitete/status/1785776914780602864,https://twitter.com/lfquitete,que atua√ß√£o fraca e podre contra uma time da S√âRIE C! Falta tes√£o nesse time.,2024-05-01T21:02:49.000Z
RAPHAEL COUTO (@rcoutogames),@rcoutogames,,,,,https://twitter.com/rcoutogames/status/1785779103368352154,https://twitter.com/rcoutogames,"Temos que ser sinceros, com toda humildade o Sampaio Correia n√£o serve pra par√¢metro n√© ...... Mas estou feliz com a vit√≥ria",2024-05-01T21:11:31.000Z
fran chaves,@franchaves131,,,,,https://twitter.com/franchaves131/status/1785778842121982113,https://twitter.com/franchaves131,Fim de jogo Fluz√£o goleia o Sampaio correia da terceira divis√£o que vendeu seu mando de campo. Senhor tem como o adiar a pr√≥xima partida do fluminense contra o Atl√©tico MG. Am√©m  obrigado,2024-05-01T21:10:28.000Z
Hugo Amado·∂†·∂†·∂ú,@maxim_hugo7,,,,,https://twitter.com/maxim_hugo7/status/1785776552057192618,https://twitter.com/maxim_hugo7,"Venceu, mas que jogo feio ein. Vamos melhorar isso a√≠.",2024-05-01T21:01:22.000Z
Juliana,@masalaju,,,,,https://twitter.com/masalaju/status/1785776644722176508,https://twitter.com/masalaju,parab√©ns por fazer a obriga√ß√£o,2024-05-01T21:01:44.000Z
mal encarnado,@PedrorHenrique_,,,,,https://twitter.com/PedrorHenrique_/status/1785776491441111499,https://twitter.com/PedrorHenrique_,"jogo sofr√≠vel de se ver

n√£o fizeram mais do que a obriga√ß√£o",2024-05-01T21:01:08.000Z
Louco da cabe√ßa,@OliYago11,,,,,https://twitter.com/OliYago11/status/1785777241894354998,https://twitter.com/OliYago11,"Foi uma vit√≥ria melanc√≥lica, que jogo horroroso, cara. Mas pelo menos venceu, isso que importa.",2024-05-01T21:04:07.000Z
Hugo Amado·∂†·∂†·∂ú,@maxim_hugo7,,,,,https://twitter.com/maxim_hugo7/status/1785776552057192618,https://twitter.com/maxim_hugo7,"Venceu, mas que jogo feio ein. Vamos melhorar isso a√≠.",2024-05-01T21:01:22.000Z
Juliana,@masalaju,,,,,https://twitter.com/masalaju/status/1785776644722176508,https://twitter.com/masalaju,parab√©ns por fazer a obriga√ß√£o,2024-05-01T21:01:44.000Z
mal encarnado,@PedrorHenrique_,,,,,https://twitter.com/PedrorHenrique_/status/1785776491441111499,https://twitter.com/PedrorHenrique_,"jogo sofr√≠vel de se ver

n√£o fizeram mais do que a obriga√ß√£o",2024-05-01T21:01:08.000Z
Louco da cabe√ßa,@OliYago11,,,,,https://twitter.com/OliYago11/status/1785777241894354998,https://twitter.com/OliYago11,"Foi uma vit√≥ria melanc√≥lica, que jogo horroroso, cara. Mas pelo menos venceu, isso que importa.",2024-05-01T21:04:07.000Z
Trico_Luh,@Trico_Luh,,,,,https://twitter.com/Trico_Luh/status/1785776650472267854,https://twitter.com/Trico_Luh,N√£o fez mais que sua obriga√ß√£o e mesmo assim foi um jogo sofr√≠vel pro torcedor,2024-05-01T21:01:46.000Z
Carlos Vasques,@CarlosV07338462,,,,,https://twitter.com/CarlosV07338462/status/1785863183246200993,https://twitter.com/CarlosV07338462,"@TimeDiniz @oflumedomina @phganso @MarceloM12 @jhonariasa @Germancanoofi
 BOA NOITE,
VENCEMOS MAIS √ë CONVENCEMOS.
O PR√ìXIMO ADVERS√ÅRIO √â O TIME Q ESTA JOGANDO O MELHOR FUTEBOL ATUALMENTE,
SE JOGARMOS ESSA BOLINHA VAMOS LEVAR OUTRA GOLEADA C/CONTRA O CORINTHIANS.",2024-05-02T02:45:37.000Z
Sandro Monteiro,@SandroMont,,,,,https://twitter.com/SandroMont/status/1785780180948001227,https://twitter.com/SandroMont,Fora Renato Augusto,2024-05-01T21:15:47.000Z
Rafael,@Ricciardi_Ffc,,,,,https://twitter.com/Ricciardi_Ffc/status/1785781392988574069,https://twitter.com/Ricciardi_Ffc,"obriga√ß√£o, jogaram nada como de costume ja",2024-05-01T21:20:36.000Z
Ana Carol Diniz,@ancdiniz,,,,,https://twitter.com/ancdiniz/status/1785779335913177406,https://twitter.com/ancdiniz,Atua√ß√£o fraca. Ok para o resultado. Positivo: descansamos os titulares.,2024-05-01T21:12:26.000Z
who| campe√£ da libertas,@BrunoyFluzon,,,,,https://twitter.com/BrunoyFluzon/status/1785776822128406784,https://twitter.com/BrunoyFluzon,parab√©ns por fazer metade da sua obriga√ß√£o,2024-05-01T21:02:27.000Z
MT,@mtroosevelt1,,,,,https://twitter.com/mtroosevelt1/status/1785776492049223687,https://twitter.com/mtroosevelt1,"@Atletico, O pr√≥ximo √© voc√™s, o FLUZAO VOLTOU, HEIN! HAJAHAHAAH",2024-05-01T21:01:08.000Z
tetewebnews,@htinhaester,,,,,https://twitter.com/htinhaester/status/1785786957722787888,https://twitter.com/htinhaester,jogo feiao flu que isso mas que bom que venceu n√©,2024-05-01T21:42:43.000Z
REI DA AM√âRICA,@goldocano_14,,,,,https://twitter.com/goldocano_14/status/1785776927116087563,https://twitter.com/goldocano_14,venceu mas n√£o convenceu‚Ä¶,2024-05-01T21:02:52.000Z
Will Souza,@Will_Souzaofici,,,,,https://twitter.com/Will_Souzaofici/status/1785792098639172078,https://twitter.com/Will_Souzaofici,O time venceu e os malucos reclamando,2024-05-01T22:03:09.000Z
Lucas Oliveira,@lucastyfoliveir,,,,,https://twitter.com/lucastyfoliveir/status/1785777408865399076,https://twitter.com/lucastyfoliveir,"Ant√¥nio Carlos n√£o √© jogador profissional, que maluco tenebroso!!!",2024-05-01T21:04:47.000Z
Rodrigo Silva,@Rodrigo007Silva,,,,,https://twitter.com/Rodrigo007Silva/status/1785777024499392574,https://twitter.com/Rodrigo007Silva,"Ratificando e refor√ßando, com esse futebol vai ser eliminado de tudo e brigar pra n√£o cair, vai ser um Deus nos acuda contra o galo com marquinhos na direita.",2024-05-01T21:03:15.000Z
Marcus Vinicius,@MarcusV95781034,,,,,https://twitter.com/MarcusV95781034/status/1785779855151288622,https://twitter.com/MarcusV95781034,"Eu amo muito voc√™, @FluminenseFC , mesmo passando raiva com esse jogo horroroso",2024-05-01T21:14:30.000Z
mar¬°a c!ara;,@PJIM7N,,,,,https://twitter.com/PJIM7N/status/1785777968758792217,https://twitter.com/PJIM7N,n√£o lembro a √∫ltima vez que vi um post de vit√≥ria fluminense,2024-05-01T21:07:00.000Z
A melhor e mais bonita torcida do mundo,@ObservadorNato8,,,,,https://twitter.com/ObservadorNato8/status/1785778458787799131,https://twitter.com/ObservadorNato8,"Muita obriga√ß√£o!

N√£o muda nada.

O jogo contra o Pequeno Peter CAM que vai valer.

Aguardemos!",2024-05-01T21:08:57.000Z
Fernando,@Bansuke3008,,,,,https://twitter.com/Bansuke3008/status/1785776994447241697,https://twitter.com/Bansuke3008,No Google t√° mostrando que foi gol do Terans kkkkkkkk,2024-05-01T21:03:08.000Z
arnaud,@arnaudribeiro1,,,,,https://twitter.com/arnaudribeiro1/status/1785837788379632095,https://twitter.com/arnaudribeiro1,Poder√≠amos contratar o Thiago Alc√¢ntara que em junho sai de gra√ßa pra qualquer clube,2024-05-02T01:04:42.000Z
bruno CAMPE√ÉO DA AM√âRICA,@moraes_bms,,,,,https://twitter.com/moraes_bms/status/1785777025455661480,https://twitter.com/moraes_bms,N√£o fez mais que obriga√ß√£o. E ainda tinha que ter feito mais,2024-05-01T21:03:15.000Z
Farrael,@rafaviana_ffc,,,,,https://twitter.com/rafaviana_ffc/status/1785776760732135630,https://twitter.com/rafaviana_ffc,N√£o fez mais do que a sua obriga√ß√£o,2024-05-01T21:02:12.000Z
Marcos Vinicius,@Markosvs95,,,,,https://twitter.com/Markosvs95/status/1786054524462842268,https://twitter.com/Markosvs95,Sera que o diniz vai parar de improvisar o Martinelli??,2024-05-02T15:25:56.000Z
R√∫ben Elienai,@rubeneelienai,,,,,https://twitter.com/rubeneelienai/status/1785777735865897107,https://twitter.com/rubeneelienai,Felipe Andrade √© muito titular nessa zaga,2024-05-01T21:06:05.000Z
di,@whosinurhead,,,,,https://twitter.com/whosinurhead/status/1785779873723650094,https://twitter.com/whosinurhead,N√£o fez mais que a obriga√ß√£o,2024-05-01T21:14:34.000Z
arthur ·∂†·∂†·∂ú,@ArthurSerqueira,,,,,https://twitter.com/ArthurSerqueira/status/1785776576044454180,https://twitter.com/ArthurSerqueira,"oh gloria, continuar trabalhando pra melhorar. vamo q vamo",2024-05-01T21:01:28.000Z
Daniel ·∂†·∂†·∂ú,@vieirax1902,,,,,https://twitter.com/vieirax1902/status/1785777360903557327,https://twitter.com/vieirax1902,"O m√≠nimo de hoje era a vit√≥ria, mas continua um futebol feio de se assistir",2024-05-01T21:04:35.000Z
cLLara,@cllaraffc,,,,,https://twitter.com/cllaraffc/status/1785777678403981503,https://twitter.com/cllaraffc,n√£o fez mais que a obriga√ß√£o,2024-05-01T21:05:51.000Z
Ricardo Fialho,@FialhoFluzao,,,,,https://twitter.com/FialhoFluzao/status/1785776970967457918,https://twitter.com/FialhoFluzao,"Time bosta em campo, n√£o fez mais que obriga√ß√£o vencer e n√£o convenceu.",2024-05-01T21:03:02.000Z
#ForaDiniz,@bemenasche1998,,,,,https://twitter.com/bemenasche1998/status/1785776432167166231,https://twitter.com/bemenasche1998,N√£o fizeram mais do que a obriga√ß√£o,2024-05-01T21:00:54.000Z
Mv·∂†·∂†·∂ú,@shownorza,,,,,https://twitter.com/shownorza/status/1785814828155564361,https://twitter.com/shownorza,kkkkkk vai aprender a jogar futebol n√£o????,2024-05-01T23:33:28.000Z
Dom Romero,@DomRomero84,,,,,https://twitter.com/DomRomero84/status/1785776576325431368,https://twitter.com/DomRomero84,Fogo feio da porra,2024-05-01T21:01:28.000Z
lexi,@doreesoul,,,,,https://twitter.com/doreesoul/status/1785778159675232733,https://twitter.com/doreesoul,DIVA POSTA MAIS FOTO DE HOJE ANTES DO JOGO EU QUERO ME VER,2024-05-01T21:07:46.000Z
murilo,@ecbmurilo_,,,,,https://twitter.com/ecbmurilo_/status/1785782397901971894,https://twitter.com/ecbmurilo_,pq o jogo foi no esp√≠rito santo?,2024-05-01T21:24:36.000Z
luiz,@luizzslva,,,,,https://twitter.com/luizzslva/status/1785858534720106551,https://twitter.com/luizzslva,@takasffc fala dele agora,2024-05-02T02:27:08.000Z
Felipe Jenny,@Felipejenny_,,,,,https://twitter.com/Felipejenny_/status/1785777709471166774,https://twitter.com/Felipejenny_,Que coisa feia meu Deus,2024-05-01T21:05:58.000Z
Rodrigo,@rogo32_,,,,,https://twitter.com/rogo32_/status/1785791179231031567,https://twitter.com/rogo32_,PRECISA MELHORAR ESSE DESEMPENHO.,2024-05-01T21:59:30.000Z
30,@biel30ffc,,,,,https://twitter.com/biel30ffc/status/1785779788021457355,https://twitter.com/biel30ffc,se jogar mal toda vez assim e vencer ta bom,2024-05-01T21:14:14.000Z
Luiz Eduardo,@Eduvalcante,,,,,https://twitter.com/Eduvalcante/status/1785990844719194329,https://twitter.com/Eduvalcante,"J√° n√£o bastasse a gafe na camisa de Renato AGUSTO, o Fluminense nem se d√° ao luxo de olhar a s√∫mula do jogo. O juiz deu, erradamente, mas deu, gol do TERANS, e n√£o do Lima. Muito amadorismo...",2024-05-02T11:12:54.000Z
pauly futura enfermeira de sa√∫de da fam√≠lia,@defshades,,,,,https://twitter.com/defshades/status/1785808720326283304,https://twitter.com/defshades,"aumento pro arias, urgente",2024-05-01T23:09:12.000Z
Joseph Castro,@JosephC06913575,,,,,https://twitter.com/JosephC06913575/status/1785792747871273170,https://twitter.com/JosephC06913575,Venceu? Venceu! Convenceu? N√£o,2024-05-01T22:05:44.000Z
ùïµùñîùñåùñÜùñâùñîùñó ùñáùñîùñëùñÜ ùñâùñä ùñîùñöùñóùñî,@yuri_okl14,,,,,https://twitter.com/yuri_okl14/status/1785776552313081973,https://twitter.com/yuri_okl14,Pouco ainda era pra ter sido uns 5x0 TEM QUE MELHORAR,2024-05-01T21:01:22.000Z
julia,@liaju_ffc,,,,,https://twitter.com/liaju_ffc/status/1785777550234460352,https://twitter.com/liaju_ffc,n√£o fez mais que a obriga√ß√£o meu parceiro,2024-05-01T21:05:20.000Z
jpzin,@jp_medeiroos,,,,,https://twitter.com/jp_medeiroos/status/1785777107760525686,https://twitter.com/jp_medeiroos,parab√©ns por fzr o m√≠nimo,2024-05-01T21:03:35.000Z
lucas,@lukazinffc,,,,,https://twitter.com/lukazinffc/status/1785778577117421683,https://twitter.com/lukazinffc,"Fizeram a obriga√ß√£o, 2x0 foi o m√≠nimo",2024-05-01T21:09:25.000Z
Lucas Pires,@LucasPi07869408,,,,,https://twitter.com/LucasPi07869408/status/1785776847852019859,https://twitter.com/LucasPi07869408,O Lele √© melhor que esse Kaua Elias,2024-05-01T21:02:33.000Z
Jo√£o Victor,@JV_Franco100,,,,,https://twitter.com/JV_Franco100/status/1785780247062876362,https://twitter.com/JV_Franco100,Atua√ß√£o fraca contra um time limitado.,2024-05-01T21:16:03.000Z
Vini campe√£o da Am√©rica,@LiLN1esta,,,,,https://twitter.com/LiLN1esta/status/1785776523535847568,https://twitter.com/LiLN1esta,Agr ganha s√°bado tbm,2024-05-01T21:01:15.000Z
Danilo F√©lix,@dansfelix,,,,,https://twitter.com/dansfelix/status/1785776632092835935,https://twitter.com/dansfelix,"Tirando Arias, Martinelli e Felipe Andrade, demais pareciam jogando uma pelada. Terans √© o √∫nico uruguaio chupa-sangue da hist√≥ria do futebol e Renato Augusto est√° morto com farofa, √© ex-jogador. Valeu pela vit√≥ria mas o advers√°rio n√£o existe, time est√° mal demais.",2024-05-01T21:01:41.000Z
brenda ·∂†·∂†·∂ú,@cardosorjb,,,,,https://twitter.com/cardosorjb/status/1785778331545379150,https://twitter.com/cardosorjb,parab√©ns pela obriga√ß√£o,2024-05-01T21:08:27.000Z
Fhael,@RC_Fhael,,,,,https://twitter.com/RC_Fhael/status/1785795087034708394,https://twitter.com/RC_Fhael,"S√≥ quem ganhou nesse jogo foi quem n√£o viu
Jogo feio da porra",2024-05-01T22:15:01.000Z
Helton Braga,@PaiJdasalmas,,,,,https://twitter.com/PaiJdasalmas/status/1785777532568023228,https://twitter.com/PaiJdasalmas,ARIAS TA JOGANDO MUITO SEM VONTADE,2024-05-01T21:05:16.000Z
allana ·∂†·∂†·∂ú,@lanaffc_,,,,,https://twitter.com/lanaffc_/status/1785800961690046700,https://twitter.com/lanaffc_,"n convenceu, mas venceu",2024-05-01T22:38:22.000Z
Maria Eduarda,@tremfernandes,,,,,https://twitter.com/tremfernandes/status/1785776454795505677,https://twitter.com/tremfernandes,"caralho um refresco, obg a√≠",2024-05-01T21:00:59.000Z
ùìõùì™ ùì•ùì≤ùìøùì™ùìº ‚ôåÔ∏é‚òÄÔ∏é ‚ú°Ô∏é,@LaVivasoy,,,,,https://twitter.com/LaVivasoy/status/1785784792044204466,https://twitter.com/LaVivasoy,Sauda√ß√µes Tricolores!,2024-05-01T21:34:07.000Z
jacy,@wxjacy,,,,,https://twitter.com/wxjacy/status/1785777984739086615,https://twitter.com/wxjacy,fizeram o MINIMO parab√©ns,2024-05-01T21:07:04.000Z
CAMPE√ÉO DA AM√âRICA,@nycollasffc,,,,,https://twitter.com/nycollasffc/status/1785776420217598026,https://twitter.com/nycollasffc,"vence, agora s√≥ falta convencer",2024-05-01T21:00:51.000Z
Vieira,@f_f_c22,,,,,https://twitter.com/f_f_c22/status/1785776661696270820,https://twitter.com/f_f_c22,Obrigado,2024-05-01T21:01:48.000Z
sotnas,@thamysotnas,,,,,https://twitter.com/thamysotnas/status/1785779218183254395,https://twitter.com/thamysotnas,se n√£o ganhasse tbm n√©..,2024-05-01T21:11:58.000Z
victoria,@tuitafox,,,,,https://twitter.com/tuitafox/status/1785776570843431027,https://twitter.com/tuitafox,venceu mas n√£o convenceu,2024-05-01T21:01:27.000Z
Leal ·∂†·∂†·∂ú,@Dnleall,,,,,https://twitter.com/Dnleall/status/1785778436935467330,https://twitter.com/Dnleall,Parab√©ns pra torcida do ES,2024-05-01T21:08:52.000Z
Cami ¬π‚Å¥ RENEGADE,@jktricolor9,,,,,https://twitter.com/jktricolor9/status/1785777758091579516,https://twitter.com/jktricolor9,automaticamente volto a me iludir,2024-05-01T21:06:10.000Z
marilia,@daltromariliaa,,,,,https://twitter.com/daltromariliaa/status/1785778206072508522,https://twitter.com/daltromariliaa,oxe mas o gol n foi do terans?,2024-05-01T21:07:57.000Z
Cesar Guimaraes,@CesarGuimaraes4,,,,,https://twitter.com/CesarGuimaraes4/status/1785776573372563793,https://twitter.com/CesarGuimaraes4,VAMOOOOOS! NENSEEEEEE,2024-05-01T21:01:27.000Z
Francharles Neves Evaristo,@FrancharlesE,,,,,https://twitter.com/FrancharlesE/status/1785778914909888801,https://twitter.com/FrancharlesE,"Toda vez que ficou na toqueira sem objetividade deu merda, fica a dica.",2024-05-01T21:10:46.000Z
slipknot belford roxo,@vitib1,,,,,https://twitter.com/vitib1/status/1785776890860425459,https://twitter.com/vitib1,"jogo de merda, parab√©ns aos envolvidos",2024-05-01T21:02:43.000Z
S√£o Castilho,@sofaloFlu,,,,,https://twitter.com/sofaloFlu/status/1785776515399012825,https://twitter.com/sofaloFlu,n√£o fez mais que a obriga√ß√£o,2024-05-01T21:01:14.000Z
FFC Luan,@LuanVitorfelix3,,,,,https://twitter.com/LuanVitorfelix3/status/1785776554456285501,https://twitter.com/LuanVitorfelix3,Vence mas n√£o convence.,2024-05-01T21:01:23.000Z
Bru¬π‚Åπ‚Å∞¬≤,@brunaazzx,,,,,https://twitter.com/brunaazzx/status/1785777025942265871,https://twitter.com/brunaazzx,mais q obriga√ß√£o!,2024-05-01T21:03:15.000Z
Jordan Gonzalez,@JordiCDM,,,,,https://twitter.com/JordiCDM/status/1785777371653570899,https://twitter.com/JordiCDM,Equipo chico,2024-05-01T21:04:38.000Z
Eduardo Gon√ßalves,@Eduardo65987156,,,,,https://twitter.com/Eduardo65987156/status/1785782854242242941,https://twitter.com/Eduardo65987156,Gol foi do Terans !,2024-05-01T21:26:25.000Z
victoria,@tuitafox,,,,,https://twitter.com/tuitafox/status/1785776570843431027,https://twitter.com/tuitafox,venceu mas n√£o convenceu,2024-05-01T21:01:27.000Z
Leal ·∂†·∂†·∂ú,@Dnleall,,,,,https://twitter.com/Dnleall/status/1785778436935467330,https://twitter.com/Dnleall,Parab√©ns pra torcida do ES,2024-05-01T21:08:52.000Z
Cami ¬π‚Å¥ RENEGADE,@jktricolor9,,,,,https://twitter.com/jktricolor9/status/1785777758091579516,https://twitter.com/jktricolor9,automaticamente volto a me iludir,2024-05-01T21:06:10.000Z
marilia,@daltromariliaa,,,,,https://twitter.com/daltromariliaa/status/1785778206072508522,https://twitter.com/daltromariliaa,oxe mas o gol n foi do terans?,2024-05-01T21:07:57.000Z
Cesar Guimaraes,@CesarGuimaraes4,,,,,https://twitter.com/CesarGuimaraes4/status/1785776573372563793,https://twitter.com/CesarGuimaraes4,VAMOOOOOS! NENSEEEEEE,2024-05-01T21:01:27.000Z
Francharles Neves Evaristo,@FrancharlesE,,,,,https://twitter.com/FrancharlesE/status/1785778914909888801,https://twitter.com/FrancharlesE,"Toda vez que ficou na toqueira sem objetividade deu merda, fica a dica.",2024-05-01T21:10:46.000Z
slipknot belford roxo,@vitib1,,,,,https://twitter.com/vitib1/status/1785776890860425459,https://twitter.com/vitib1,"jogo de merda, parab√©ns aos envolvidos",2024-05-01T21:02:43.000Z
S√£o Castilho,@sofaloFlu,,,,,https://twitter.com/sofaloFlu/status/1785776515399012825,https://twitter.com/sofaloFlu,n√£o fez mais que a obriga√ß√£o,2024-05-01T21:01:14.000Z
FFC Luan,@LuanVitorfelix3,,,,,https://twitter.com/LuanVitorfelix3/status/1785776554456285501,https://twitter.com/LuanVitorfelix3,Vence mas n√£o convence.,2024-05-01T21:01:23.000Z
Bru¬π‚Åπ‚Å∞¬≤,@brunaazzx,,,,,https://twitter.com/brunaazzx/status/1785777025942265871,https://twitter.com/brunaazzx,mais q obriga√ß√£o!,2024-05-01T21:03:15.000Z
Jordan Gonzalez,@JordiCDM,,,,,https://twitter.com/JordiCDM/status/1785777371653570899,https://twitter.com/JordiCDM,Equipo chico,2024-05-01T21:04:38.000Z
Eduardo Gon√ßalves,@Eduardo65987156,,,,,https://twitter.com/Eduardo65987156/status/1785782854242242941,https://twitter.com/Eduardo65987156,Gol foi do Terans !,2024-05-01T21:26:25.000Z
Tricolor fan√°tico,@tricolor_2000,,,,,https://twitter.com/tricolor_2000/status/1785777310831923218,https://twitter.com/tricolor_2000,Felipe Andrade √© MUITO TITULAR.,2024-05-01T21:04:23.000Z
Vieira,@f_f_c22,,,,,https://twitter.com/f_f_c22/status/1785776706000724332,https://twitter.com/f_f_c22,"Proibido chutar, simplesmente",2024-05-01T21:01:59.000Z
Saullo dos Anjos,@SaulloISR,,,,,https://twitter.com/SaulloISR/status/1785794452793029098,https://twitter.com/SaulloISR,N√£o foi o Terans?,2024-05-01T22:12:30.000Z
mell·∂†·∂†·∂ú,@mellturques_,,,,,https://twitter.com/mellturques_/status/1785776441340137526,https://twitter.com/mellturques_,gra√ßas a Deus,2024-05-01T21:00:56.000Z
duda,@dudaffc7,,,,,https://twitter.com/dudaffc7/status/1785776454095028658,https://twitter.com/dudaffc7,obriga√ß√£o n√©,2024-05-01T21:00:59.000Z
Eslly Nogueira,@esllynogueira,,,,,https://twitter.com/esllynogueira/status/1785780227035087319,https://twitter.com/esllynogueira,Parab√©ns pelo m√≠nimo.,2024-05-01T21:15:58.000Z
doutora howedes·∂†·∂†·∂ú ñπ≠,@iabunnyhowe,,,,,https://twitter.com/iabunnyhowe/status/1785778642607391169,https://twitter.com/iabunnyhowe,te amo,2024-05-01T21:09:41.000Z
Daniel Macri,@Fluruguayo,,,,,https://twitter.com/Fluruguayo/status/1785776472549896446,https://twitter.com/Fluruguayo,NEEEEEEEENSEEEEEEEEE,2024-05-01T21:01:03.000Z
C,@2fPutaria157,,,,,https://twitter.com/2fPutaria157/status/1785778571031482745,https://twitter.com/2fPutaria157,vm porra,2024-05-01T21:09:24.000Z
Leonardo Bhering,@Bhering,,,,,https://twitter.com/Bhering/status/1785777984978260021,https://twitter.com/Bhering,"Foi s√≥ o Sampaio Corr√™a adiantar a marca√ß√£o, que o time bateu cabe√ßa. Tirou as inven√ß√µes (RA e Lima de cabe√ßa de √°rea) que melhoramos.",2024-05-01T21:07:04.000Z
vicc·∂†·∂†·∂ú,@vicc_cvs,,,,,https://twitter.com/vicc_cvs/status/1785776434121699563,https://twitter.com/vicc_cvs,N√£o fez mais q a obriga√ß√£o,2024-05-01T21:00:54.000Z
Leonardo Jr.,@LeonardoJun10r,,,,,https://twitter.com/LeonardoJun10r/status/1785776513796763995,https://twitter.com/LeonardoJun10r,Obriga√ß√£o,2024-05-01T21:01:13.000Z
QueirozFellipe·∂†·∂†·∂ú,@FellipeQrz18,,,,,https://twitter.com/FellipeQrz18/status/1785777105453666598,https://twitter.com/FellipeQrz18,"Um time mais leve e compacto, com jogadores novos e cheio de g√°s, n√£o foi uma partida espetacular, mas foi importante a vit√≥ria pra levantar a moral da equipe, s√°bado contra o galo volta aquela velharada, a panela feia do pardal, a√≠ toma goleada do galo. S√≥ velho cansado!!",2024-05-01T21:03:34.000Z
Retumbante de gl√≥rias,@RetumbanteG,,,,,https://twitter.com/RetumbanteG/status/1785782273968623657,https://twitter.com/RetumbanteG,Seguimos,2024-05-01T21:24:07.000Z
M12,@Luuck_FFC,,,,,https://twitter.com/Luuck_FFC/status/1785776728528290038,https://twitter.com/Luuck_FFC,fez a obriga√ß√£o,2024-05-01T21:02:04.000Z
Luan,@girahsupremacy,,,,,https://twitter.com/girahsupremacy/status/1785790683002835057,https://twitter.com/girahsupremacy,VIT√ìRIA FLUMINENSE,2024-05-01T21:57:31.000Z
rayanne,@martinssffc,,,,,https://twitter.com/martinssffc/status/1785776499573809193,https://twitter.com/martinssffc,GL√ìRIA A DEUS,2024-05-01T21:01:10.000Z
Rocha,@larissarochax,,,,,https://twitter.com/larissarochax/status/1785781166571708521,https://twitter.com/larissarochax,oh gl√≥ria,2024-05-01T21:19:42.000Z
Victor¬π‚Åπ‚Å∞¬≤,@victoseabra,,,,,https://twitter.com/victoseabra/status/1785802809671131464,https://twitter.com/victoseabra,parab√©ns pelo m√≠nimo,2024-05-01T22:45:43.000Z
a√≠ ce mi quebra·∂†·∂†·∂ú,@vinnimarinzz,,,,,https://twitter.com/vinnimarinzz/status/1785776598907568470,https://twitter.com/vinnimarinzz,Cria vergonha nessa cara de voc√™s,2024-05-01T21:01:33.000Z
faquim,@ketilafm,,,,,https://twitter.com/ketilafm/status/1786089917124104588,https://twitter.com/ketilafm,foi lindoooooo!!!,2024-05-02T17:46:34.000Z
let√≠cia,@LetciaFarias17,,,,,https://twitter.com/LetciaFarias17/status/1785778191740613035,https://twitter.com/LetciaFarias17,Ah me poupe,2024-05-01T21:07:53.000Z
Pastor mello,@dr_pastor56539,,,,,https://twitter.com/dr_pastor56539/status/1785782596007231998,https://twitter.com/dr_pastor56539,Horr√≠vel o jogo. Vai tomar sacode atl√©tico e colo colo,2024-05-01T21:25:23.000Z
Bia,@Biasilvaffc,,,,,https://twitter.com/Biasilvaffc/status/1785788148426965129,https://twitter.com/Biasilvaffc,1/10,2024-05-01T21:47:27.000Z
Enzo Araujo,@araujo_ffc,,,,,https://twitter.com/araujo_ffc/status/1785778649725067418,https://twitter.com/araujo_ffc,Fora Diniz! Vai embora do meu clube,2024-05-01T21:09:42.000Z
Carol,@carolinaraujo9,,,,,https://twitter.com/carolinaraujo9/status/1785776389817298966,https://twitter.com/carolinaraujo9,am√©m,2024-05-01T21:00:44.000Z
Paullyna,@paullyna_r,,,,,https://twitter.com/paullyna_r/status/1785776526929068400,https://twitter.com/paullyna_r,VAMOOOSS,2024-05-01T21:01:16.000Z
Ana Clara,@AnaClar97467682,,,,,https://twitter.com/AnaClar97467682/status/1785791903247568976,https://twitter.com/AnaClar97467682,POR FAVOR N√ÉO VENDA O JONH KENEDY,2024-05-01T22:02:22.000Z
Marcello Neves,@nevesmarcello,,https://pbs.twimg.com/media/GMmBtpzWoAAicUs?format=jpg&name=small,,,https://twitter.com/nevesmarcello/status/1786101350771687810,https://twitter.com/nevesmarcello,"Felipe Andrade ganha chance em posi√ß√£o de origem no Fluminense e se destaca: ""Passo importante"" 

>>>> https://ge.globo.com/futebol/times/fluminense/noticia/2024/05/02/felipe-andrade-ganha-chance-em-posicao-de-origem-no-fluminense-e-se-destaca-passo-importante.ghtml?utm_source=twitter&utm_medium=share-bar-mobile&utm_campaign=materias‚Ä¶",2024-05-02T18:32:00.000Z
Brasileir√£o Betano,@Brasileirao,,https://pbs.twimg.com/media/GMmJQ1wWQAEo3p4?format=jpg&name=small,,,https://twitter.com/Brasileirao/status/1786109655770444282,https://twitter.com/Brasileirao,"A dupla tricolor que sabe os caminhos! Juntos desde a base, no controle dos passes no #Brasileir√£oBetano! 

 @SofascoreBR",2024-05-02T19:05:00.000Z
Morales·∂†·∂†·∂ú,@brunomorales018,,https://pbs.twimg.com/ext_tw_video_thumb/1653811142974746627/pu/img/H_8dVCVf0IDf7Ms7.jpg,,,https://twitter.com/brunomorales018/status/1786017566613287031,https://twitter.com/brunomorales018,"Digo e repito.

Todo tricolor que estava no Maracan√£, saiu de l√° com a convic√ß√£o de que ser√≠amos campe√µes da Am√©rica.

Foi a nossa melhor partida da temporada, e foi o momento que a arquibancada deixou claro que ""VAMOS TRICOLORES"" era a m√∫sica da temporada.

Que noite.",2024-05-02T12:59:05.000Z
